{
  "_format": "hh-sol-cache-2",
  "files": {
    "/workspaces/codespaces-blank/contracts/Counter.sol": {
      "lastModificationDate": 1730893187917,
      "contentHash": "885123b538b8eb0d088fbde939fe1e65",
      "sourceName": "contracts/Counter.sol",
      "solcConfig": {
        "version": "0.8.27",
        "settings": {
          "evmVersion": "paris",
          "optimizer": {
            "enabled": false,
            "runs": 200
          },
          "outputSelection": {
            "*": {
              "*": [
                "abi",
                "evm.bytecode",
                "evm.deployedBytecode",
                "evm.methodIdentifiers",
                "metadata"
              ],
              "": [
                "ast"
              ]
            }
          }
        }
      },
      "imports": [],
      "versionPragmas": [
        "^0.8.26"
      ],
      "artifacts": [
        "Counter"
      ]
    },
    "/workspaces/codespaces-blank/contracts/Lock.sol": {
      "lastModificationDate": 1730890224109,
      "contentHash": "101c00cb43bd6d4be9704e08c973d5ad",
      "sourceName": "contracts/Lock.sol",
      "solcConfig": {
        "version": "0.8.27",
        "settings": {
          "evmVersion": "paris",
          "optimizer": {
            "enabled": false,
            "runs": 200
          },
          "outputSelection": {
            "*": {
              "*": [
                "abi",
                "evm.bytecode",
                "evm.deployedBytecode",
                "evm.methodIdentifiers",
                "metadata"
              ],
              "": [
                "ast"
              ]
            }
          }
        }
      },
      "imports": [],
      "versionPragmas": [
        "^0.8.27"
      ],
      "artifacts": [
        "Lock"
      ]
    },
    "/workspaces/codespaces-blank/contracts/Multiplier.sol": {
      "lastModificationDate": 1730893407433,
      "contentHash": "25893c78b17b4a709fae4326adef48f8",
      "sourceName": "contracts/Multiplier.sol",
      "solcConfig": {
        "version": "0.8.27",
        "settings": {
          "evmVersion": "paris",
          "optimizer": {
            "enabled": false,
            "runs": 200
          },
          "outputSelection": {
            "*": {
              "*": [
                "abi",
                "evm.bytecode",
                "evm.deployedBytecode",
                "evm.methodIdentifiers",
                "metadata"
              ],
              "": [
                "ast"
              ]
            }
          }
        }
      },
      "imports": [],
      "versionPragmas": [
        "^0.8.0"
      ],
      "artifacts": [
        "Multiplier"
      ]
    }
  }
}
